tanggal,stasiun,pm10,pm25,so2,co,o3,no2,max,critical,categori
2021-04-01,DKI1 (Bunderan HI),26,42,22,11,13,19,42,PM25,BAIK
2021-04-02,DKI1 (Bunderan HI),41,54,27,11,17,19,54,PM25,SEDANG
2021-04-03,DKI1 (Bunderan HI),25,42,20,8,18,22,42,PM25,BAIK
2021-04-04,DKI1 (Bunderan HI),57,78,21,23,14,33,78,PM25,SEDANG
2021-04-05,DKI1 (Bunderan HI),52,69,22,15,18,27,69,PM25,SEDANG
2021-04-06,DKI1 (Bunderan HI),33,55,27,10,14,18,55,PM25,SEDANG
2021-04-07,DKI1 (Bunderan HI),30,47,25,11,13,19,47,PM25,BAIK
2021-04-08,DKI1 (Bunderan HI),38,55,33,12,13,22,55,PM25,SEDANG
2021-04-09,DKI1 (Bunderan HI),54,69,26,14,15,28,69,PM25,SEDANG
2021-04-10,DKI1 (Bunderan HI),48,66,23,13,17,29,66,PM25,SEDANG
2021-04-11,DKI1 (Bunderan HI),45,68,31,12,25,31,68,PM25,SEDANG
2021-04-12,DKI1 (Bunderan HI),55,69,26,20,15,31,69,PM25,SEDANG
2021-04-13,DKI1 (Bunderan HI),55,68,23,18,21,40,68,PM25,SEDANG
2021-04-14,DKI1 (Bunderan HI),51,71,27,15,25,32,71,PM25,SEDANG
2021-04-15,DKI1 (Bunderan HI),56,74,24,24,21,40,74,PM25,SEDANG
2021-04-16,DKI1 (Bunderan HI),55,76,24,20,16,42,76,PM25,SEDANG
2021-04-17,DKI1 (Bunderan HI),65,101,24,19,19,41,101,PM25,TIDAK SEHAT
2021-04-18,DKI1 (Bunderan HI),57,79,24,11,25,26,79,PM25,SEDANG
2021-04-19,DKI1 (Bunderan HI),63,92,25,14,26,30,92,PM25,SEDANG
2021-04-20,DKI1 (Bunderan HI),56,83,25,12,21,30,83,PM25,SEDANG
2021-04-21,DKI1 (Bunderan HI),63,87,24,19,14,37,87,PM25,SEDANG
2021-04-22,DKI1 (Bunderan HI),54,81,25,14,23,40,81,PM25,SEDANG
2021-04-23,DKI1 (Bunderan HI),66,99,25,16,21,42,99,PM25,SEDANG
2021-04-24,DKI1 (Bunderan HI),66,99,23,18,30,40,99,PM25,SEDANG
2021-04-25,DKI1 (Bunderan HI),63,86,24,15,17,36,86,PM25,SEDANG
2021-04-26,DKI1 (Bunderan HI),56,79,26,10,22,24,79,PM25,SEDANG
2021-04-27,DKI1 (Bunderan HI),62,94,26,12,23,28,94,PM25,SEDANG
2021-04-28,DKI1 (Bunderan HI),54,77,21,15,21,34,77,PM25,SEDANG
2021-04-29,DKI1 (Bunderan HI),57,71,23,17,18,38,71,PM25,SEDANG
2021-04-30,DKI1 (Bunderan HI),61,84,23,18,20,42,84,PM25,SEDANG
2021-04-01,DKI2 (Kelapa Gading),22,38,28,9,43,10,43,O3,BAIK
2021-04-02,DKI2 (Kelapa Gading),39,57,34,11,42,13,57,PM25,SEDANG
2021-04-03,DKI2 (Kelapa Gading),23,51,33,9,57,10,57,O3,SEDANG
2021-04-04,DKI2 (Kelapa Gading),63,80,40,17,49,23,80,PM25,SEDANG
2021-04-05,DKI2 (Kelapa Gading),54,69,30,13,59,18,69,PM25,SEDANG
2021-04-06,DKI2 (Kelapa Gading),43,61,32,10,36,15,61,PM25,SEDANG
2021-04-07,DKI2 (Kelapa Gading),30,52,33,9,43,8,52,PM25,SEDANG
2021-04-08,DKI2 (Kelapa Gading),39,57,34,10,40,14,57,PM25,SEDANG
2021-04-09,DKI2 (Kelapa Gading),53,64,32,10,49,25,64,PM25,SEDANG
2021-04-10,DKI2 (Kelapa Gading),44,61,34,9,50,19,61,PM25,SEDANG
2021-04-11,DKI2 (Kelapa Gading),54,72,42,12,60,22,72,PM25,SEDANG
2021-04-12,DKI2 (Kelapa Gading),69,93,51,20,54,23,93,PM25,SEDANG
2021-04-13,DKI2 (Kelapa Gading),70,82,63,14,64,21,82,PM25,SEDANG
2021-04-14,DKI2 (Kelapa Gading),65,81,55,16,65,22,81,PM25,SEDANG
2021-04-15,DKI2 (Kelapa Gading),67,85,55,21,50,34,85,PM25,SEDANG
2021-04-16,DKI2 (Kelapa Gading),69,94,55,17,50,28,94,PM25,SEDANG
2021-04-17,DKI2 (Kelapa Gading),---,---,---,---,---,---,0,,TIDAK ADA DATA
2021-04-18,DKI2 (Kelapa Gading),---,---,---,---,---,---,0,,TIDAK ADA DATA
2021-04-19,DKI2 (Kelapa Gading),---,107,52,---,41,22,107,PM25,TIDAK SEHAT
2021-04-20,DKI2 (Kelapa Gading),64,94,52,---,55,18,94,PM25,SEDANG
2021-04-21,DKI2 (Kelapa Gading),76,101,56,16,50,22,101,PM25,TIDAK SEHAT
2021-04-22,DKI2 (Kelapa Gading),63,92,52,11,60,14,92,PM25,SEDANG
2021-04-23,DKI2 (Kelapa Gading),75,101,51,15,65,20,101,PM25,TIDAK SEHAT
2021-04-24,DKI2 (Kelapa Gading),88,115,61,17,73,25,115,PM25,TIDAK SEHAT
2021-04-25,DKI2 (Kelapa Gading),74,101,55,15,58,20,101,PM25,TIDAK SEHAT
2021-04-26,DKI2 (Kelapa Gading),64,87,52,10,59,14,87,PM25,SEDANG
2021-04-27,DKI2 (Kelapa Gading),74,97,51,11,65,17,97,PM25,SEDANG
2021-04-28,DKI2 (Kelapa Gading),61,81,51,13,56,18,81,PM25,SEDANG
2021-04-29,DKI2 (Kelapa Gading),69,85,60,15,44,26,85,PM25,SEDANG
2021-04-30,DKI2 (Kelapa Gading),71,91,57,14,55,21,91,PM25,SEDANG
2021-04-01,DKI3 (Jagakarsa),28,52,26,5,35,7,52,PM25,SEDANG
2021-04-02,DKI3 (Jagakarsa),51,70,33,8,37,10,70,PM25,SEDANG
2021-04-03,DKI3 (Jagakarsa),30,52,27,7,---,14,52,PM25,SEDANG
2021-04-04,DKI3 (Jagakarsa),68,103,29,28,---,28,103,PM25,TIDAK SEHAT
2021-04-05,DKI3 (Jagakarsa),61,85,30,11,---,17,85,PM25,SEDANG
2021-04-06,DKI3 (Jagakarsa),35,51,32,3,34,5,51,PM25,SEDANG
2021-04-07,DKI3 (Jagakarsa),25,35,27,3,---,4,35,PM25,BAIK
2021-04-08,DKI3 (Jagakarsa),31,52,28,5,---,7,52,PM25,SEDANG
2021-04-09,DKI3 (Jagakarsa),55,76,26,8,---,10,76,PM25,SEDANG
2021-04-10,DKI3 (Jagakarsa),64,101,25,16,---,18,101,PM25,TIDAK SEHAT
2021-04-11,DKI3 (Jagakarsa),62,89,25,14,---,21,89,PM25,SEDANG
2021-04-12,DKI3 (Jagakarsa),---,69,27,15,---,16,69,PM25,SEDANG
2021-04-13,DKI3 (Jagakarsa),47,65,31,11,---,18,65,PM25,SEDANG
2021-04-14,DKI3 (Jagakarsa),48,67,31,10,---,19,67,PM25,SEDANG
2021-04-15,DKI3 (Jagakarsa),48,69,26,16,33,19,69,PM25,SEDANG
2021-04-16,DKI3 (Jagakarsa),52,72,27,14,32,22,72,PM25,SEDANG
2021-04-17,DKI3 (Jagakarsa),61,93,---,12,39,20,93,PM25,SEDANG
2021-04-18,DKI3 (Jagakarsa),55,82,---,8,---,14,82,PM25,SEDANG
2021-04-19,DKI3 (Jagakarsa),---,92,22,9,36,18,92,PM25,SEDANG
2021-04-20,DKI3 (Jagakarsa),50,75,19,7,32,14,75,PM25,SEDANG
2021-04-21,DKI3 (Jagakarsa),58,93,19,13,27,17,93,PM25,SEDANG
2021-04-22,DKI3 (Jagakarsa),57,83,20,8,39,14,83,PM25,SEDANG
2021-04-23,DKI3 (Jagakarsa),70,100,20,11,32,16,100,PM25,SEDANG
2021-04-24,DKI3 (Jagakarsa),57,73,19,9,41,15,73,PM25,SEDANG
2021-04-25,DKI3 (Jagakarsa),59,88,19,13,27,19,88,PM25,SEDANG
2021-04-26,DKI3 (Jagakarsa),57,84,19,10,26,16,84,PM25,SEDANG
2021-04-27,DKI3 (Jagakarsa),64,104,13,9,34,16,104,PM25,TIDAK SEHAT
2021-04-28,DKI3 (Jagakarsa),51,80,11,9,32,16,80,PM25,SEDANG
2021-04-29,DKI3 (Jagakarsa),39,23,10,12,26,17,39,PM10,BAIK
2021-04-30,DKI3 (Jagakarsa),54,23,12,10,---,18,54,PM10,SEDANG
2021-04-01,DKI4 (Lubang Buaya),22,49,41,7,18,12,49,PM25,BAIK
2021-04-02,DKI4 (Lubang Buaya),37,62,44,11,18,12,62,PM25,SEDANG
2021-04-03,DKI4 (Lubang Buaya),39,67,42,9,22,14,67,PM25,SEDANG
2021-04-04,DKI4 (Lubang Buaya),64,103,43,26,23,20,103,PM25,TIDAK SEHAT
2021-04-05,DKI4 (Lubang Buaya),52,80,43,14,23,16,80,PM25,SEDANG
2021-04-06,DKI4 (Lubang Buaya),30,50,43,6,15,10,50,PM25,BAIK
2021-04-07,DKI4 (Lubang Buaya),22,38,42,5,16,8,42,SO2,BAIK
2021-04-08,DKI4 (Lubang Buaya),24,55,48,8,14,10,55,PM25,SEDANG
2021-04-09,DKI4 (Lubang Buaya),42,63,43,8,21,13,63,PM25,SEDANG
2021-04-10,DKI4 (Lubang Buaya),61,90,43,15,27,21,90,PM25,SEDANG
2021-04-11,DKI4 (Lubang Buaya),66,108,47,18,35,24,108,PM25,TIDAK SEHAT
2021-04-12,DKI4 (Lubang Buaya),57,92,43,18,27,17,92,PM25,SEDANG
2021-04-13,DKI4 (Lubang Buaya),52,78,44,13,31,20,78,PM25,SEDANG
2021-04-14,DKI4 (Lubang Buaya),52,79,42,13,31,14,79,PM25,SEDANG
2021-04-15,DKI4 (Lubang Buaya),55,87,42,27,25,27,87,PM25,SEDANG
2021-04-16,DKI4 (Lubang Buaya),61,90,42,17,21,20,90,PM25,SEDANG
2021-04-17,DKI4 (Lubang Buaya),63,109,43,20,27,19,109,PM25,TIDAK SEHAT
2021-04-18,DKI4 (Lubang Buaya),57,82,42,16,---,16,82,PM25,SEDANG
2021-04-19,DKI4 (Lubang Buaya),58,94,46,12,---,19,94,PM25,SEDANG
2021-04-20,DKI4 (Lubang Buaya),56,90,45,10,34,17,90,PM25,SEDANG
2021-04-21,DKI4 (Lubang Buaya),64,103,43,16,27,17,103,PM25,TIDAK SEHAT
2021-04-22,DKI4 (Lubang Buaya),60,99,45,10,34,17,99,PM25,SEDANG
2021-04-23,DKI4 (Lubang Buaya),67,112,19,13,31,24,112,PM25,TIDAK SEHAT
2021-04-24,DKI4 (Lubang Buaya),65,98,33,13,31,20,98,PM25,SEDANG
2021-04-25,DKI4 (Lubang Buaya),73,116,37,17,20,17,116,PM25,TIDAK SEHAT
2021-04-26,DKI4 (Lubang Buaya),64,117,37,11,22,14,117,PM25,TIDAK SEHAT
2021-04-27,DKI4 (Lubang Buaya),75,138,38,11,27,13,138,PM25,TIDAK SEHAT
2021-04-28,DKI4 (Lubang Buaya),55,94,37,9,28,17,94,PM25,SEDANG
2021-04-29,DKI4 (Lubang Buaya),51,78,37,12,23,19,78,PM25,SEDANG
2021-04-30,DKI4 (Lubang Buaya),57,85,36,---,26,17,85,PM25,SEDANG
2021-04-01,DKI5 (Kebon Jeruk) Jakarta Barat,15,34,24,3,16,4,34,PM25,BAIK
2021-04-02,DKI5 (Kebon Jeruk) Jakarta Barat,35,58,38,7,19,16,58,PM25,SEDANG
2021-04-03,DKI5 (Kebon Jeruk) Jakarta Barat,21,47,20,6,22,12,47,PM25,BAIK
2021-04-04,DKI5 (Kebon Jeruk) Jakarta Barat,62,102,20,30,19,37,102,PM25,TIDAK SEHAT
2021-04-05,DKI5 (Kebon Jeruk) Jakarta Barat,47,76,24,12,22,28,76,PM25,SEDANG
2021-04-06,DKI5 (Kebon Jeruk) Jakarta Barat,30,54,31,4,18,6,54,PM25,SEDANG
2021-04-07,DKI5 (Kebon Jeruk) Jakarta Barat,25,42,30,4,17,6,42,PM25,BAIK
2021-04-08,DKI5 (Kebon Jeruk) Jakarta Barat,32,55,51,5,14,12,55,PM25,SEDANG
2021-04-09,DKI5 (Kebon Jeruk) Jakarta Barat,52,77,34,7,18,21,77,PM25,SEDANG
2021-04-10,DKI5 (Kebon Jeruk) Jakarta Barat,45,77,31,9,24,18,77,PM25,SEDANG
2021-04-11,DKI5 (Kebon Jeruk) Jakarta Barat,46,75,50,9,31,18,75,PM25,SEDANG
2021-04-12,DKI5 (Kebon Jeruk) Jakarta Barat,58,90,30,19,21,31,90,PM25,SEDANG
2021-04-13,DKI5 (Kebon Jeruk) Jakarta Barat,50,78,30,15,30,27,78,PM25,SEDANG
2021-04-14,DKI5 (Kebon Jeruk) Jakarta Barat,48,79,31,12,27,23,79,PM25,SEDANG
2021-04-15,DKI5 (Kebon Jeruk) Jakarta Barat,54,88,23,24,30,42,88,PM25,SEDANG
2021-04-16,DKI5 (Kebon Jeruk) Jakarta Barat,55,88,29,18,23,44,88,PM25,SEDANG
2021-04-17,DKI5 (Kebon Jeruk) Jakarta Barat,67,118,29,16,28,31,118,PM25,TIDAK SEHAT
2021-04-18,DKI5 (Kebon Jeruk) Jakarta Barat,55,93,29,11,32,16,93,PM25,SEDANG
2021-04-19,DKI5 (Kebon Jeruk) Jakarta Barat,62,108,32,13,32,19,108,PM25,TIDAK SEHAT
2021-04-20,DKI5 (Kebon Jeruk) Jakarta Barat,51,88,32,9,28,20,88,PM25,SEDANG
2021-04-21,DKI5 (Kebon Jeruk) Jakarta Barat,62,105,25,15,25,25,105,PM25,TIDAK SEHAT
2021-04-22,DKI5 (Kebon Jeruk) Jakarta Barat,56,96,26,9,39,17,96,PM25,SEDANG
2021-04-23,DKI5 (Kebon Jeruk) Jakarta Barat,66,111,26,12,33,22,111,PM25,TIDAK SEHAT
2021-04-24,DKI5 (Kebon Jeruk) Jakarta Barat,60,99,29,12,37,24,99,PM25,SEDANG
2021-04-25,DKI5 (Kebon Jeruk) Jakarta Barat,58,97,23,12,27,19,97,PM25,SEDANG
2021-04-26,DKI5 (Kebon Jeruk) Jakarta Barat,52,82,28,10,26,19,82,PM25,SEDANG
2021-04-27,DKI5 (Kebon Jeruk) Jakarta Barat,56,95,33,9,28,18,95,PM25,SEDANG
2021-04-28,DKI5 (Kebon Jeruk) Jakarta Barat,49,81,21,10,26,22,81,PM25,SEDANG
2021-04-29,DKI5 (Kebon Jeruk) Jakarta Barat,43,73,22,14,26,25,73,PM25,SEDANG
2021-04-30,DKI5 (Kebon Jeruk) Jakarta Barat,52,83,23,12,28,23,83,PM25,SEDANG
2021-02-01,DKI1 (Bunderan HI),59,79,21,26,15,31,79,PM25,SEDANG
2021-02-02,DKI1 (Bunderan HI),30,46,21,14,16,24,46,PM25,BAIK
2021-02-03,DKI1 (Bunderan HI),23,33,19,11,14,19,33,PM25,BAIK
2021-02-04,DKI1 (Bunderan HI),36,53,23,14,12,24,53,PM25,SEDANG
2021-02-05,DKI1 (Bunderan HI),29,36,20,14,12,21,36,PM25,BAIK
2021-02-06,DKI1 (Bunderan HI),27,34,21,8,21,15,34,PM25,BAIK
2021-02-07,DKI1 (Bunderan HI),25,23,19,7,19,12,25,PM10,BAIK
2021-02-08,DKI1 (Bunderan HI),24,26,19,10,18,17,26,PM25,BAIK
2021-02-09,DKI1 (Bunderan HI),33,40,22,12,14,22,40,PM25,BAIK
2021-02-10,DKI1 (Bunderan HI),32,38,21,10,12,16,38,PM25,BAIK
2021-02-11,DKI1 (Bunderan HI),26,37,23,13,9,17,37,PM25,BAIK
2021-02-12,DKI1 (Bunderan HI),41,52,26,16,10,16,52,PM25,SEDANG
2021-02-13,DKI1 (Bunderan HI),25,37,20,9,19,16,37,PM25,BAIK
2021-02-14,DKI1 (Bunderan HI),33,47,18,11,19,19,47,PM25,BAIK
2021-02-15,DKI1 (Bunderan HI),34,47,20,13,17,25,47,PM25,BAIK
2021-02-16,DKI1 (Bunderan HI),26,28,18,11,18,26,28,PM25,BAIK
2021-02-17,DKI1 (Bunderan HI),39,57,23,23,12,33,57,PM25,SEDANG
2021-02-18,DKI1 (Bunderan HI),43,59,29,13,12,29,59,PM25,SEDANG
2021-02-19,DKI1 (Bunderan HI),29,41,19,20,12,23,41,PM25,BAIK
2021-02-20,DKI1 (Bunderan HI),30,38,18,11,18,20,38,PM25,BAIK
2021-02-21,DKI1 (Bunderan HI),31,45,18,10,16,17,45,PM25,BAIK
2021-02-22,DKI1 (Bunderan HI),51,67,20,18,11,23,67,PM25,SEDANG
2021-02-23,DKI1 (Bunderan HI),50,64,22,11,20,23,64,PM25,SEDANG
2021-02-24,DKI1 (Bunderan HI),30,42,22,10,9,16,42,PM25,BAIK
2021-02-25,DKI1 (Bunderan HI),31,48,26,12,14,17,48,PM25,BAIK
2021-02-26,DKI1 (Bunderan HI),29,38,18,13,18,20,38,PM25,BAIK
2021-02-27,DKI1 (Bunderan HI),49,67,23,15,17,31,67,PM25,SEDANG
2021-02-28,DKI1 (Bunderan HI),43,60,19,12,19,18,60,PM25,SEDANG
2021-02-01,DKI2 (Kelapa Gading),64,87,38,16,46,25,87,PM25,SEDANG
2021-02-02,DKI2 (Kelapa Gading),30,42,38,4,55,15,55,O3,SEDANG
2021-02-03,DKI2 (Kelapa Gading),24,35,38,4,42,15,42,O3,BAIK
2021-02-04,DKI2 (Kelapa Gading),33,50,39,7,47,15,50,PM25,BAIK
2021-02-05,DKI2 (Kelapa Gading),25,35,39,5,45,13,45,O3,BAIK
2021-02-06,DKI2 (Kelapa Gading),30,38,37,---,57,9,57,O3,SEDANG
2021-02-07,DKI2 (Kelapa Gading),28,30,37,---,57,5,57,O3,SEDANG
2021-02-08,DKI2 (Kelapa Gading),26,31,37,---,54,12,54,O3,SEDANG
2021-02-09,DKI2 (Kelapa Gading),33,50,39,6,47,16,50,PM25,BAIK
2021-02-10,DKI2 (Kelapa Gading),34,46,39,4,49,10,49,O3,BAIK
2021-02-11,DKI2 (Kelapa Gading),33,49,43,6,35,11,49,PM25,BAIK
2021-02-12,DKI2 (Kelapa Gading),43,62,43,14,33,11,62,PM25,SEDANG
2021-02-13,DKI2 (Kelapa Gading),27,47,38,8,40,11,47,PM25,BAIK
2021-02-14,DKI2 (Kelapa Gading),34,53,40,11,42,14,53,PM25,SEDANG
2021-02-15,DKI2 (Kelapa Gading),36,52,39,13,37,17,52,PM25,SEDANG
2021-02-16,DKI2 (Kelapa Gading),28,41,38,11,42,15,42,O3,BAIK
2021-02-17,DKI2 (Kelapa Gading),41,61,40,25,41,27,61,PM25,SEDANG
2021-02-18,DKI2 (Kelapa Gading),40,55,44,10,41,16,55,PM25,SEDANG
2021-02-19,DKI2 (Kelapa Gading),32,51,42,16,41,20,51,PM25,SEDANG
2021-02-20,DKI2 (Kelapa Gading),31,34,38,8,53,9,53,O3,SEDANG
2021-02-21,DKI2 (Kelapa Gading),36,40,39,9,48,9,48,O3,BAIK
2021-02-22,DKI2 (Kelapa Gading),60,69,42,15,41,19,69,PM25,SEDANG
2021-02-23,DKI2 (Kelapa Gading),48,61,40,9,54,17,61,PM25,SEDANG
2021-02-24,DKI2 (Kelapa Gading),30,39,40,10,33,10,40,SO2,BAIK
2021-02-25,DKI2 (Kelapa Gading),30,45,43,12,45,12,45,PM25,BAIK
2021-02-26,DKI2 (Kelapa Gading),45,54,43,13,---,19,54,PM25,SEDANG
2021-02-27,DKI2 (Kelapa Gading),59,71,44,15,50,20,71,PM25,SEDANG
2021-02-28,DKI2 (Kelapa Gading),66,76,40,14,60,18,76,PM25,SEDANG
2021-02-01,DKI3 (Jagakarsa),73,110,28,18,26,18,110,PM25,TIDAK SEHAT
2021-02-02,DKI3 (Jagakarsa),53,70,25,10,27,14,70,PM25,SEDANG
2021-02-03,DKI3 (Jagakarsa),32,53,27,6,24,9,53,PM25,SEDANG
2021-02-04,DKI3 (Jagakarsa),29,54,26,11,24,13,54,PM25,SEDANG
2021-02-05,DKI3 (Jagakarsa),27,51,24,10,24,12,51,PM25,SEDANG
2021-02-06,DKI3 (Jagakarsa),34,53,24,8,32,12,53,PM25,SEDANG
2021-02-07,DKI3 (Jagakarsa),33,50,24,9,30,13,50,PM25,BAIK
2021-02-08,DKI3 (Jagakarsa),26,42,24,9,35,12,42,PM25,BAIK
2021-02-09,DKI3 (Jagakarsa),33,53,25,9,23,12,53,PM25,SEDANG
2021-02-10,DKI3 (Jagakarsa),50,64,24,11,23,10,64,PM25,SEDANG
2021-02-11,DKI3 (Jagakarsa),38,57,23,6,18,7,57,PM25,SEDANG
2021-02-12,DKI3 (Jagakarsa),63,98,25,13,20,8,98,PM25,SEDANG
2021-02-13,DKI3 (Jagakarsa),59,89,26,12,30,13,89,PM25,SEDANG
2021-02-14,DKI3 (Jagakarsa),55,73,25,11,35,13,73,PM25,SEDANG
2021-02-15,DKI3 (Jagakarsa),40,62,24,9,32,12,62,PM25,SEDANG
2021-02-16,DKI3 (Jagakarsa),36,51,24,9,34,15,51,PM25,SEDANG
2021-02-17,DKI3 (Jagakarsa),46,67,26,15,28,18,67,PM25,SEDANG
2021-02-18,DKI3 (Jagakarsa),53,70,28,8,26,12,70,PM25,SEDANG
2021-02-19,DKI3 (Jagakarsa),28,51,25,13,23,14,51,PM25,SEDANG
2021-02-20,DKI3 (Jagakarsa),45,59,25,13,29,15,59,PM25,SEDANG
2021-02-21,DKI3 (Jagakarsa),29,42,24,7,30,9,42,PM25,BAIK
2021-02-22,DKI3 (Jagakarsa),68,103,26,22,30,14,103,PM25,TIDAK SEHAT
2021-02-23,DKI3 (Jagakarsa),66,90,26,12,29,16,90,PM25,SEDANG
2021-02-24,DKI3 (Jagakarsa),---,---,---,---,---,---,0,,TIDAK ADA DATA
2021-02-25,DKI3 (Jagakarsa),27,54,25,6,24,7,54,PM25,SEDANG
2021-02-26,DKI3 (Jagakarsa),41,61,25,10,40,16,61,PM25,SEDANG
2021-02-27,DKI3 (Jagakarsa),50,73,27,10,41,16,73,PM25,SEDANG
2021-02-28,DKI3 (Jagakarsa),64,94,25,13,27,15,94,PM25,SEDANG
2021-02-01,DKI4 (Lubang Buaya),---,---,---,---,---,---,0,,TIDAK ADA DATA
2021-02-02,DKI4 (Lubang Buaya),37,59,40,14,22,12,59,PM25,SEDANG
2021-02-03,DKI4 (Lubang Buaya),24,52,40,9,21,8,52,PM25,SEDANG
2021-02-04,DKI4 (Lubang Buaya),19,53,40,12,19,10,53,PM25,SEDANG
2021-02-05,DKI4 (Lubang Buaya),19,41,40,12,20,9,41,PM25,BAIK
2021-02-06,DKI4 (Lubang Buaya),18,48,40,7,28,6,48,PM25,BAIK
2021-02-07,DKI4 (Lubang Buaya),25,55,40,10,22,11,55,PM25,SEDANG
2021-02-08,DKI4 (Lubang Buaya),17,44,39,10,21,9,44,PM25,BAIK
2021-02-09,DKI4 (Lubang Buaya),31,57,40,13,19,9,57,PM25,SEDANG
2021-02-10,DKI4 (Lubang Buaya),30,58,40,13,20,8,58,PM25,SEDANG
2021-02-11,DKI4 (Lubang Buaya),21,50,40,7,16,5,50,PM25,BAIK
2021-02-12,DKI4 (Lubang Buaya),33,65,40,12,19,5,65,PM25,SEDANG
2021-02-13,DKI4 (Lubang Buaya),43,62,40,11,25,9,62,PM25,SEDANG
2021-02-14,DKI4 (Lubang Buaya),34,57,39,11,26,9,57,PM25,SEDANG
2021-02-15,DKI4 (Lubang Buaya),42,66,40,11,25,12,66,PM25,SEDANG
2021-02-16,DKI4 (Lubang Buaya),43,63,40,11,23,13,63,PM25,SEDANG
2021-02-17,DKI4 (Lubang Buaya),38,66,40,22,21,15,66,PM25,SEDANG
2021-02-18,DKI4 (Lubang Buaya),37,60,41,10,22,11,60,PM25,SEDANG
2021-02-19,DKI4 (Lubang Buaya),25,51,39,16,20,13,51,PM25,SEDANG
2021-02-20,DKI4 (Lubang Buaya),33,63,39,12,24,12,63,PM25,SEDANG
2021-02-21,DKI4 (Lubang Buaya),21,50,39,10,23,10,50,PM25,BAIK
2021-02-22,DKI4 (Lubang Buaya),59,95,40,21,25,12,95,PM25,SEDANG
2021-02-23,DKI4 (Lubang Buaya),51,83,40,16,24,11,83,PM25,SEDANG
2021-02-24,DKI4 (Lubang Buaya),42,61,39,9,13,6,61,PM25,SEDANG
2021-02-25,DKI4 (Lubang Buaya),16,45,39,9,19,4,45,PM25,BAIK
2021-02-26,DKI4 (Lubang Buaya),48,75,39,11,23,13,75,PM25,SEDANG
2021-02-27,DKI4 (Lubang Buaya),59,94,40,13,30,12,94,PM25,SEDANG
2021-02-28,DKI4 (Lubang Buaya),68,113,39,18,24,14,113,PM25,TIDAK SEHAT
2021-02-01,DKI5 (Kebon Jeruk) Jakarta Barat,70,126,29,26,15,34,126,PM25,TIDAK SEHAT
2021-02-02,DKI5 (Kebon Jeruk) Jakarta Barat,---,55,28,9,14,25,55,PM25,SEDANG
2021-02-03,DKI5 (Kebon Jeruk) Jakarta Barat,23,40,27,5,16,10,40,PM25,BAIK
2021-02-04,DKI5 (Kebon Jeruk) Jakarta Barat,32,59,28,9,14,17,59,PM25,SEDANG
2021-02-05,DKI5 (Kebon Jeruk) Jakarta Barat,---,48,28,8,14,35,48,PM25,BAIK
2021-02-06,DKI5 (Kebon Jeruk) Jakarta Barat,---,34,21,4,24,6,34,PM25,BAIK
2021-02-07,DKI5 (Kebon Jeruk) Jakarta Barat,---,29,22,5,20,7,29,PM25,BAIK
2021-02-08,DKI5 (Kebon Jeruk) Jakarta Barat,---,41,23,6,17,11,41,PM25,BAIK
2021-02-09,DKI5 (Kebon Jeruk) Jakarta Barat,---,57,31,9,15,21,57,PM25,SEDANG
2021-02-10,DKI5 (Kebon Jeruk) Jakarta Barat,31,52,27,7,13,11,52,PM25,SEDANG
2021-02-11,DKI5 (Kebon Jeruk) Jakarta Barat,23,50,36,6,10,13,50,PM25,BAIK
2021-02-12,DKI5 (Kebon Jeruk) Jakarta Barat,35,65,38,11,11,42,65,PM25,SEDANG
2021-02-13,DKI5 (Kebon Jeruk) Jakarta Barat,27,55,27,5,20,8,55,PM25,SEDANG
2021-02-14,DKI5 (Kebon Jeruk) Jakarta Barat,36,61,24,9,20,11,61,PM25,SEDANG
2021-02-15,DKI5 (Kebon Jeruk) Jakarta Barat,32,56,24,10,18,17,56,PM25,SEDANG
2021-02-16,DKI5 (Kebon Jeruk) Jakarta Barat,24,35,21,7,22,9,35,PM25,BAIK
2021-02-17,DKI5 (Kebon Jeruk) Jakarta Barat,44,71,33,25,14,37,71,PM25,SEDANG
2021-02-18,DKI5 (Kebon Jeruk) Jakarta Barat,38,60,41,8,17,17,60,PM25,SEDANG
2021-02-19,DKI5 (Kebon Jeruk) Jakarta Barat,27,52,24,16,14,33,52,PM25,SEDANG
2021-02-20,DKI5 (Kebon Jeruk) Jakarta Barat,32,52,22,10,21,15,52,PM25,SEDANG
2021-02-21,DKI5 (Kebon Jeruk) Jakarta Barat,29,52,22,8,18,12,52,PM25,SEDANG
2021-02-22,DKI5 (Kebon Jeruk) Jakarta Barat,56,92,25,20,16,40,92,PM25,SEDANG
2021-02-23,DKI5 (Kebon Jeruk) Jakarta Barat,49,77,28,8,21,12,77,PM25,SEDANG
2021-02-24,DKI5 (Kebon Jeruk) Jakarta Barat,24,40,28,4,11,7,40,PM25,BAIK
2021-02-25,DKI5 (Kebon Jeruk) Jakarta Barat,28,52,31,7,13,23,52,PM25,SEDANG
2021-02-26,DKI5 (Kebon Jeruk) Jakarta Barat,24,49,21,7,22,18,49,PM25,BAIK
2021-02-27,DKI5 (Kebon Jeruk) Jakarta Barat,39,64,27,10,25,24,64,PM25,SEDANG
2021-02-28,DKI5 (Kebon Jeruk) Jakarta Barat,50,77,22,9,22,13,77,PM25,SEDANG
2021-01-01,DKI1 (Bunderan HI),38,53,29,6,31,13,53,PM25,SEDANG
2021-01-02,DKI1 (Bunderan HI),27,46,27,7,47,7,47,O3,BAIK
2021-01-03,DKI1 (Bunderan HI),44,58,25,7,40,13,58,PM25,SEDANG
2021-01-04,DKI1 (Bunderan HI),30,48,24,4,32,7,48,PM25,BAIK
2021-01-05,DKI1 (Bunderan HI),38,53,24,6,31,9,53,PM25,SEDANG
2021-01-06,DKI1 (Bunderan HI),41,58,23,13,46,13,58,PM25,SEDANG
2021-01-07,DKI1 (Bunderan HI),35,47,22,6,39,10,47,PM25,BAIK
2021-01-08,DKI1 (Bunderan HI),37,54,26,16,17,10,54,PM25,SEDANG
2021-01-09,DKI1 (Bunderan HI),47,61,16,27,22,12,61,PM25,SEDANG
2021-01-10,DKI1 (Bunderan HI),23,25,16,11,33,8,33,O3,BAIK
2021-01-11,DKI1 (Bunderan HI),38,54,17,14,27,10,54,PM25,SEDANG
2021-01-12,DKI1 (Bunderan HI),29,50,20,12,26,15,50,PM25,BAIK
2021-01-13,DKI1 (Bunderan HI),34,44,17,13,20,9,44,PM25,BAIK
2021-01-14,DKI1 (Bunderan HI),36,57,15,15,26,13,57,PM25,SEDANG
2021-01-15,DKI1 (Bunderan HI),42,62,14,15,32,12,62,PM25,SEDANG
2021-01-16,DKI1 (Bunderan HI),52,73,15,17,25,14,73,PM25,SEDANG
2021-01-17,DKI1 (Bunderan HI),52,71,17,15,26,14,71,PM25,SEDANG
2021-01-18,DKI1 (Bunderan HI),40,52,16,11,26,12,52,PM25,SEDANG
2021-01-19,DKI1 (Bunderan HI),31,41,13,12,25,12,41,PM25,BAIK
2021-01-20,DKI1 (Bunderan HI),35,34,12,12,22,13,35,PM10,BAIK
2021-01-21,DKI1 (Bunderan HI),43,51,13,14,28,15,51,PM25,SEDANG
2021-01-22,DKI1 (Bunderan HI),49,63,14,14,28,15,63,PM25,SEDANG
2021-01-23,DKI1 (Bunderan HI),72,108,14,43,44,20,108,PM25,TIDAK SEHAT
2021-01-24,DKI1 (Bunderan HI),33,48,12,14,23,10,48,PM25,BAIK
2021-01-25,DKI1 (Bunderan HI),56,82,13,29,62,15,82,PM25,SEDANG
2021-01-26,DKI1 (Bunderan HI),52,70,14,19,28,13,70,PM25,SEDANG
2021-01-27,DKI1 (Bunderan HI),20,20,13,10,19,8,20,PM10,BAIK
2021-01-28,DKI1 (Bunderan HI),27,41,14,18,17,11,41,PM25,BAIK
2021-01-29,DKI1 (Bunderan HI),30,53,16,17,24,11,53,PM25,SEDANG
2021-01-30,DKI1 (Bunderan HI),27,37,13,16,24,12,37,PM25,BAIK
2021-01-31,DKI1 (Bunderan HI),36,51,13,16,26,10,51,PM25,SEDANG
2021-01-01,DKI2 (Kelapa Gading),38,58,2,11,65,6,65,O3,SEDANG
2021-01-02,DKI2 (Kelapa Gading),29,46,---,12,80,12,80,O3,SEDANG
2021-01-03,DKI2 (Kelapa Gading),37,59,---,10,86,13,86,O3,SEDANG
2021-01-04,DKI2 (Kelapa Gading),30,49,---,9,77,7,77,O3,SEDANG
2021-01-05,DKI2 (Kelapa Gading),35,52,---,8,77,7,77,O3,SEDANG
2021-01-06,DKI2 (Kelapa Gading),48,60,---,12,85,14,85,O3,SEDANG
2021-01-07,DKI2 (Kelapa Gading),35,50,---,9,72,15,72,O3,SEDANG
2021-01-08,DKI2 (Kelapa Gading),38,55,---,11,71,9,71,O3,SEDANG
2021-01-09,DKI2 (Kelapa Gading),51,67,12,27,80,12,80,O3,SEDANG
2021-01-10,DKI2 (Kelapa Gading),24,39,13,10,59,14,59,O3,SEDANG
2021-01-11,DKI2 (Kelapa Gading),35,54,13,12,68,13,68,O3,SEDANG
2021-01-12,DKI2 (Kelapa Gading),27,51,15,7,77,15,77,O3,SEDANG
2021-01-13,DKI2 (Kelapa Gading),33,44,13,10,68,7,68,O3,SEDANG
2021-01-14,DKI2 (Kelapa Gading),28,49,11,6,65,11,65,O3,SEDANG
2021-01-15,DKI2 (Kelapa Gading),42,60,11,14,65,12,65,O3,SEDANG
2021-01-16,DKI2 (Kelapa Gading),49,71,13,10,67,9,71,PM25,SEDANG
2021-01-17,DKI2 (Kelapa Gading),55,75,16,10,93,10,93,O3,SEDANG
2021-01-18,DKI2 (Kelapa Gading),35,49,13,5,78,9,78,O3,SEDANG
2021-01-19,DKI2 (Kelapa Gading),31,42,11,6,58,9,58,O3,SEDANG
2021-01-20,DKI2 (Kelapa Gading),42,45,11,6,72,6,72,O3,SEDANG
2021-01-21,DKI2 (Kelapa Gading),46,44,12,9,67,13,67,O3,SEDANG
2021-01-22,DKI2 (Kelapa Gading),51,60,12,8,67,16,67,O3,SEDANG
2021-01-23,DKI2 (Kelapa Gading),73,108,14,43,104,19,108,PM25,TIDAK SEHAT
2021-01-24,DKI2 (Kelapa Gading),51,59,12,9,75,7,75,O3,SEDANG
2021-01-25,DKI2 (Kelapa Gading),62,86,14,26,134,14,134,O3,TIDAK SEHAT
2021-01-26,DKI2 (Kelapa Gading),54,76,26,14,71,12,76,PM25,SEDANG
2021-01-27,DKI2 (Kelapa Gading),21,29,25,7,63,5,63,O3,SEDANG
2021-01-28,DKI2 (Kelapa Gading),28,49,25,10,53,7,53,O3,SEDANG
2021-01-29,DKI2 (Kelapa Gading),28,49,26,7,65,9,65,O3,SEDANG
2021-01-30,DKI2 (Kelapa Gading),27,39,25,10,64,8,64,O3,SEDANG
2021-01-31,DKI2 (Kelapa Gading),38,55,24,11,68,7,68,O3,SEDANG
2021-01-01,DKI3 (Jagakarsa),43,56,15,10,33,5,56,PM25,SEDANG
2021-01-02,DKI3 (Jagakarsa),58,86,15,22,38,5,86,PM25,SEDANG
2021-01-03,DKI3 (Jagakarsa),64,93,14,20,35,5,93,PM25,SEDANG
2021-01-04,DKI3 (Jagakarsa),50,67,13,15,17,4,67,PM25,SEDANG
2021-01-05,DKI3 (Jagakarsa),59,89,15,19,42,7,89,PM25,SEDANG
2021-01-06,DKI3 (Jagakarsa),52,81,18,28,52,11,81,PM25,SEDANG
2021-01-07,DKI3 (Jagakarsa),22,52,16,12,44,5,52,PM25,SEDANG
2021-01-08,DKI3 (Jagakarsa),26,68,21,22,40,9,68,PM25,SEDANG
2021-01-09,DKI3 (Jagakarsa),25,77,17,32,31,8,77,PM25,SEDANG
2021-01-10,DKI3 (Jagakarsa),15,33,16,7,23,4,33,PM25,BAIK
2021-01-11,DKI3 (Jagakarsa),---,72,17,15,56,4,72,PM25,SEDANG
2021-01-12,DKI3 (Jagakarsa),---,58,18,9,37,4,58,PM25,SEDANG
2021-01-13,DKI3 (Jagakarsa),26,47,16,6,39,3,47,PM25,BAIK
2021-01-14,DKI3 (Jagakarsa),29,78,20,14,40,8,78,PM25,SEDANG
2021-01-15,DKI3 (Jagakarsa),24,82,19,16,64,6,82,PM25,SEDANG
2021-01-16,DKI3 (Jagakarsa),70,92,19,16,60,7,92,PM25,SEDANG
2021-01-17,DKI3 (Jagakarsa),58,86,22,11,43,9,86,PM25,SEDANG
2021-01-18,DKI3 (Jagakarsa),51,64,21,7,38,5,64,PM25,SEDANG
2021-01-19,DKI3 (Jagakarsa),42,56,19,7,37,6,56,PM25,SEDANG
2021-01-20,DKI3 (Jagakarsa),46,---,17,17,41,10,46,PM10,BAIK
2021-01-21,DKI3 (Jagakarsa),52,---,18,19,44,9,52,PM10,SEDANG
2021-01-22,DKI3 (Jagakarsa),84,112,20,33,57,10,112,PM25,TIDAK SEHAT
2021-01-23,DKI3 (Jagakarsa),89,126,19,42,64,13,126,PM25,TIDAK SEHAT
2021-01-24,DKI3 (Jagakarsa),64,90,19,31,34,10,90,PM25,SEDANG
2021-01-25,DKI3 (Jagakarsa),60,95,18,23,67,8,95,PM25,SEDANG
2021-01-26,DKI3 (Jagakarsa),54,79,18,15,50,7,79,PM25,SEDANG
2021-01-27,DKI3 (Jagakarsa),33,37,17,5,30,4,37,PM25,BAIK
2021-01-28,DKI3 (Jagakarsa),26,49,16,9,26,5,49,PM25,BAIK
2021-01-29,DKI3 (Jagakarsa),28,16,17,9,48,4,48,O3,BAIK
2021-01-30,DKI3 (Jagakarsa),46,13,16,10,41,4,46,PM10,BAIK
2021-01-31,DKI3 (Jagakarsa),38,13,17,7,39,---,39,O3,BAIK
2021-01-01,DKI4 (Lubang Buaya),41,,37,14,35,4,41,PM10,BAIK
2021-01-02,DKI4 (Lubang Buaya),44,,38,38,59,3,59,CO,SEDANG
2021-01-03,DKI4 (Lubang Buaya),50,,37,16,52,5,52,CO,SEDANG
2021-01-04,DKI4 (Lubang Buaya),45,,36,16,24,3,45,PM10,BAIK
2021-01-05,DKI4 (Lubang Buaya),52,,36,15,35,8,52,PM10,SEDANG
2021-01-06,DKI4 (Lubang Buaya),73,,32,29,66,6,73,PM10,SEDANG
2021-01-07,DKI4 (Lubang Buaya),36,,30,19,55,5,55,CO,SEDANG
2021-01-08,DKI4 (Lubang Buaya),36,,31,23,51,6,51,CO,SEDANG
2021-01-09,DKI4 (Lubang Buaya),60,,30,34,42,6,60,PM10,SEDANG
2021-01-10,DKI4 (Lubang Buaya),14,,28,9,38,3,38,CO,BAIK
2021-01-11,DKI4 (Lubang Buaya),51,,29,17,57,4,57,CO,SEDANG
2021-01-12,DKI4 (Lubang Buaya),23,,28,11,44,4,44,CO,BAIK
2021-01-13,DKI4 (Lubang Buaya),36,,27,8,32,3,36,PM10,BAIK
2021-01-14,DKI4 (Lubang Buaya),35,,28,13,38,5,38,CO,BAIK
2021-01-15,DKI4 (Lubang Buaya),51,,26,20,56,5,56,CO,SEDANG
2021-01-16,DKI4 (Lubang Buaya),47,,27,18,38,7,47,PM10,BAIK
2021-01-17,DKI4 (Lubang Buaya),52,,28,12,41,8,52,PM10,SEDANG
2021-01-18,DKI4 (Lubang Buaya),34,,28,10,37,4,37,CO,BAIK
2021-01-19,DKI4 (Lubang Buaya),25,,26,12,31,7,31,CO,BAIK
2021-01-20,DKI4 (Lubang Buaya),54,,25,16,33,8,54,PM10,SEDANG
2021-01-21,DKI4 (Lubang Buaya),63,,25,21,38,7,63,PM10,SEDANG
2021-01-22,DKI4 (Lubang Buaya),52,,26,32,54,8,54,CO,SEDANG
2021-01-23,DKI4 (Lubang Buaya),89,,27,47,61,11,89,PM10,SEDANG
2021-01-24,DKI4 (Lubang Buaya),---,,---,---,---,---,0,,TIDAK ADA DATA
2021-01-25,DKI4 (Lubang Buaya),---,,---,---,---,---,0,,TIDAK ADA DATA
2021-01-26,DKI4 (Lubang Buaya),57,,26,34,39,7,57,PM10,SEDANG
2021-01-27,DKI4 (Lubang Buaya),18,,25,7,19,4,25,PM25,BAIK
2021-01-28,DKI4 (Lubang Buaya),23,,25,11,20,5,25,PM25,BAIK
2021-01-29,DKI4 (Lubang Buaya),27,,26,9,36,4,36,CO,BAIK
2021-01-30,DKI4 (Lubang Buaya),21,,26,16,32,6,32,CO,BAIK
2021-01-31,DKI4 (Lubang Buaya),---,,---,17,---,---,17,SO2,BAIK
2021-01-01,DKI5 (Kebon Jeruk) Jakarta Barat,37,,20,12,25,4,37,PM10,BAIK
2021-01-02,DKI5 (Kebon Jeruk) Jakarta Barat,33,,18,20,64,6,64,CO,SEDANG
2021-01-03,DKI5 (Kebon Jeruk) Jakarta Barat,42,,15,10,62,3,62,CO,SEDANG
2021-01-04,DKI5 (Kebon Jeruk) Jakarta Barat,27,,14,7,31,4,31,CO,BAIK
2021-01-05,DKI5 (Kebon Jeruk) Jakarta Barat,41,,15,9,28,---,41,PM10,BAIK
2021-01-06,DKI5 (Kebon Jeruk) Jakarta Barat,33,,12,19,46,---,46,CO,BAIK
2021-01-07,DKI5 (Kebon Jeruk) Jakarta Barat,27,,13,11,36,---,36,CO,BAIK
2021-01-08,DKI5 (Kebon Jeruk) Jakarta Barat,36,,18,19,28,---,36,PM10,BAIK
2021-01-09,DKI5 (Kebon Jeruk) Jakarta Barat,46,,17,26,27,12,46,PM10,BAIK
2021-01-10,DKI5 (Kebon Jeruk) Jakarta Barat,19,,20,8,34,5,34,CO,BAIK
2021-01-11,DKI5 (Kebon Jeruk) Jakarta Barat,33,,21,10,34,9,34,CO,BAIK
2021-01-12,DKI5 (Kebon Jeruk) Jakarta Barat,25,,22,6,38,6,38,CO,BAIK
2021-01-13,DKI5 (Kebon Jeruk) Jakarta Barat,25,,20,5,27,9,27,CO,BAIK
2021-01-14,DKI5 (Kebon Jeruk) Jakarta Barat,32,,17,8,36,7,36,CO,BAIK
2021-01-15,DKI5 (Kebon Jeruk) Jakarta Barat,52,,15,15,41,7,52,PM10,SEDANG
2021-01-16,DKI5 (Kebon Jeruk) Jakarta Barat,---,,18,12,37,8,37,CO,BAIK
2021-01-17,DKI5 (Kebon Jeruk) Jakarta Barat,---,,20,15,32,9,32,CO,BAIK
2021-01-18,DKI5 (Kebon Jeruk) Jakarta Barat,---,,22,8,31,4,31,CO,BAIK
2021-01-19,DKI5 (Kebon Jeruk) Jakarta Barat,29,,14,6,35,5,35,CO,BAIK
2021-01-20,DKI5 (Kebon Jeruk) Jakarta Barat,30,,15,7,33,---,33,CO,BAIK
2021-01-21,DKI5 (Kebon Jeruk) Jakarta Barat,43,,16,15,37,8,43,PM10,BAIK
2021-01-22,DKI5 (Kebon Jeruk) Jakarta Barat,45,,21,13,40,15,45,PM10,BAIK
2021-01-23,DKI5 (Kebon Jeruk) Jakarta Barat,80,,22,44,44,22,80,PM10,SEDANG
2021-01-24,DKI5 (Kebon Jeruk) Jakarta Barat,27,,14,9,29,---,29,CO,BAIK
2021-01-25,DKI5 (Kebon Jeruk) Jakarta Barat,55,,19,29,67,13,67,CO,SEDANG
2021-01-26,DKI5 (Kebon Jeruk) Jakarta Barat,57,,21,23,36,16,57,PM10,SEDANG
2021-01-27,DKI5 (Kebon Jeruk) Jakarta Barat,15,,16,5,20,---,20,CO,BAIK
2021-01-28,DKI5 (Kebon Jeruk) Jakarta Barat,28,,19,11,28,---,28,PM10,BAIK
2021-01-29,DKI5 (Kebon Jeruk) Jakarta Barat,30,,22,10,32,11,32,CO,BAIK
2021-01-30,DKI5 (Kebon Jeruk) Jakarta Barat,24,,17,8,27,10,27,CO,BAIK
2021-01-31,DKI5 (Kebon Jeruk) Jakarta Barat,41,,17,19,29,8,41,PM10,BAIK
2021-03-01,DKI1 (Bunderan HI),37,60,20,12,12,17,60,PM25,SEDANG
2021-03-02,DKI1 (Bunderan HI),38,55,20,15,14,28,55,PM25,SEDANG
2021-03-03,DKI1 (Bunderan HI),49,67,19,21,17,35,67,PM25,SEDANG
2021-03-04,DKI1 (Bunderan HI),51,75,22,18,19,31,75,PM25,SEDANG
2021-03-05,DKI1 (Bunderan HI),52,69,20,16,16,30,69,PM25,SEDANG
2021-03-06,DKI1 (Bunderan HI),51,73,20,22,15,37,73,PM25,SEDANG
2021-03-07,DKI1 (Bunderan HI),57,88,23,23,19,31,88,PM25,SEDANG
2021-03-08,DKI1 (Bunderan HI),47,63,21,16,11,19,63,PM25,SEDANG
2021-03-09,DKI1 (Bunderan HI),36,50,23,15,10,22,50,PM25,BAIK
2021-03-10,DKI1 (Bunderan HI),45,65,20,20,14,27,65,PM25,SEDANG
2021-03-11,DKI1 (Bunderan HI),27,35,19,9,15,21,35,PM25,BAIK
2021-03-12,DKI1 (Bunderan HI),44,58,24,12,13,25,58,PM25,SEDANG
2021-03-13,DKI1 (Bunderan HI),37,62,27,13,13,25,62,PM25,SEDANG
2021-03-14,DKI1 (Bunderan HI),39,60,23,14,10,19,60,PM25,SEDANG
2021-03-15,DKI1 (Bunderan HI),45,70,29,18,13,34,70,PM25,SEDANG
2021-03-16,DKI1 (Bunderan HI),55,80,32,13,21,36,80,PM25,SEDANG
2021-03-17,DKI1 (Bunderan HI),59,93,25,19,20,45,93,PM25,SEDANG
2021-03-18,DKI1 (Bunderan HI),64,102,30,15,25,40,102,PM25,TIDAK SEHAT
2021-03-19,DKI1 (Bunderan HI),60,88,29,14,24,35,88,PM25,SEDANG
2021-03-20,DKI1 (Bunderan HI),55,80,28,16,19,31,80,PM25,SEDANG
2021-03-21,DKI1 (Bunderan HI),43,55,21,11,18,17,55,PM25,SEDANG
2021-03-22,DKI1 (Bunderan HI),38,61,21,13,14,18,61,PM25,SEDANG
2021-03-23,DKI1 (Bunderan HI),37,54,23,11,12,16,54,PM25,SEDANG
2021-03-24,DKI1 (Bunderan HI),32,53,21,10,9,15,53,PM25,SEDANG
2021-03-25,DKI1 (Bunderan HI),25,47,22,9,14,17,47,PM25,BAIK
2021-03-26,DKI1 (Bunderan HI),50,69,23,19,19,28,69,PM25,SEDANG
2021-03-27,DKI1 (Bunderan HI),53,71,29,13,18,33,71,PM25,SEDANG
2021-03-28,DKI1 (Bunderan HI),54,75,20,15,31,31,75,PM25,SEDANG
2021-03-29,DKI1 (Bunderan HI),55,77,19,19,21,37,77,PM25,SEDANG
2021-03-30,DKI1 (Bunderan HI),53,69,24,15,14,30,69,PM25,SEDANG
2021-03-31,DKI1 (Bunderan HI),43,57,22,13,15,23,57,PM25,SEDANG
2021-03-01,DKI2 (Kelapa Gading),48,66,45,13,38,18,66,PM25,SEDANG
2021-03-02,DKI2 (Kelapa Gading),55,61,50,12,53,21,61,PM25,SEDANG
2021-03-03,DKI2 (Kelapa Gading),59,76,46,19,50,30,76,PM25,SEDANG
2021-03-04,DKI2 (Kelapa Gading),56,79,45,16,49,28,79,PM25,SEDANG
2021-03-05,DKI2 (Kelapa Gading),65,81,54,16,59,26,81,PM25,SEDANG
2021-03-06,DKI2 (Kelapa Gading),71,89,59,23,52,31,89,PM25,SEDANG
2021-03-07,DKI2 (Kelapa Gading),60,84,29,23,51,27,84,PM25,SEDANG
2021-03-08,DKI2 (Kelapa Gading),52,65,28,16,41,15,65,PM25,SEDANG
2021-03-09,DKI2 (Kelapa Gading),51,55,27,13,33,15,55,PM25,SEDANG
2021-03-10,DKI2 (Kelapa Gading),56,81,42,21,42,26,81,PM25,SEDANG
2021-03-11,DKI2 (Kelapa Gading),38,50,26,9,43,9,50,PM25,BAIK
2021-03-12,DKI2 (Kelapa Gading),51,60,27,12,45,19,60,PM25,SEDANG
2021-03-13,DKI2 (Kelapa Gading),40,58,29,11,41,16,58,PM25,SEDANG
2021-03-14,DKI2 (Kelapa Gading),50,62,27,12,37,15,62,PM25,SEDANG
2021-03-15,DKI2 (Kelapa Gading),51,72,33,15,49,19,72,PM25,SEDANG
2021-03-16,DKI2 (Kelapa Gading),67,89,41,13,57,25,89,PM25,SEDANG
2021-03-17,DKI2 (Kelapa Gading),78,107,55,20,53,41,107,PM25,TIDAK SEHAT
2021-03-18,DKI2 (Kelapa Gading),78,115,43,14,74,23,115,PM25,TIDAK SEHAT
2021-03-19,DKI2 (Kelapa Gading),73,93,39,13,59,26,93,PM25,SEDANG
2021-03-20,DKI2 (Kelapa Gading),61,94,41,15,56,24,94,PM25,SEDANG
2021-03-21,DKI2 (Kelapa Gading),47,58,29,11,51,14,58,PM25,SEDANG
2021-03-22,DKI2 (Kelapa Gading),45,67,30,13,43,17,67,PM25,SEDANG
2021-03-23,DKI2 (Kelapa Gading),48,55,30,9,44,11,55,PM25,SEDANG
2021-03-24,DKI2 (Kelapa Gading),33,57,27,11,37,8,57,PM25,SEDANG
2021-03-25,DKI2 (Kelapa Gading),36,53,29,9,41,13,53,PM25,SEDANG
2021-03-26,DKI2 (Kelapa Gading),57,77,35,18,53,21,77,PM25,SEDANG
2021-03-27,DKI2 (Kelapa Gading),62,83,49,12,63,19,83,PM25,SEDANG
2021-03-28,DKI2 (Kelapa Gading),57,76,43,15,71,18,76,PM25,SEDANG
2021-03-29,DKI2 (Kelapa Gading),65,88,48,18,67,25,88,PM25,SEDANG
2021-03-30,DKI2 (Kelapa Gading),53,68,34,13,55,17,68,PM25,SEDANG
2021-03-31,DKI2 (Kelapa Gading),39,58,30,12,48,18,58,PM25,SEDANG
2021-03-01,DKI3 (Jagakarsa),62,97,28,13,21,14,97,PM25,SEDANG
2021-03-02,DKI3 (Jagakarsa),54,71,26,13,41,14,71,PM25,SEDANG
2021-03-03,DKI3 (Jagakarsa),57,83,27,18,38,20,83,PM25,SEDANG
2021-03-04,DKI3 (Jagakarsa),56,77,29,13,28,19,77,PM25,SEDANG
2021-03-05,DKI3 (Jagakarsa),54,77,31,11,39,20,77,PM25,SEDANG
2021-03-06,DKI3 (Jagakarsa),54,80,27,17,34,18,80,PM25,SEDANG
2021-03-07,DKI3 (Jagakarsa),64,93,28,18,31,19,93,PM25,SEDANG
2021-03-08,DKI3 (Jagakarsa),53,77,28,11,18,10,77,PM25,SEDANG
2021-03-09,DKI3 (Jagakarsa),41,63,30,7,19,10,63,PM25,SEDANG
2021-03-10,DKI3 (Jagakarsa),60,89,28,14,25,14,89,PM25,SEDANG
2021-03-11,DKI3 (Jagakarsa),29,52,26,7,28,11,52,PM25,SEDANG
2021-03-12,DKI3 (Jagakarsa),66,99,29,13,29,15,99,PM25,SEDANG
2021-03-13,DKI3 (Jagakarsa),53,72,29,7,23,9,72,PM25,SEDANG
2021-03-14,DKI3 (Jagakarsa),52,73,28,10,16,10,73,PM25,SEDANG
2021-03-15,DKI3 (Jagakarsa),51,76,28,9,25,10,76,PM25,SEDANG
2021-03-16,DKI3 (Jagakarsa),59,88,40,8,41,18,88,PM25,SEDANG
2021-03-17,DKI3 (Jagakarsa),71,106,32,11,39,19,106,PM25,TIDAK SEHAT
2021-03-18,DKI3 (Jagakarsa),61,99,35,7,42,18,99,PM25,SEDANG
2021-03-19,DKI3 (Jagakarsa),59,87,33,7,39,14,87,PM25,SEDANG
2021-03-20,DKI3 (Jagakarsa),65,106,31,12,45,17,106,PM25,TIDAK SEHAT
2021-03-21,DKI3 (Jagakarsa),81,118,27,15,37,16,118,PM25,TIDAK SEHAT
2021-03-22,DKI3 (Jagakarsa),62,93,26,15,36,10,93,PM25,SEDANG
2021-03-23,DKI3 (Jagakarsa),51,77,26,9,27,8,77,PM25,SEDANG
2021-03-24,DKI3 (Jagakarsa),43,64,26,6,27,8,64,PM25,SEDANG
2021-03-25,DKI3 (Jagakarsa),38,62,26,7,28,9,62,PM25,SEDANG
2021-03-26,DKI3 (Jagakarsa),55,79,27,13,39,11,79,PM25,SEDANG
2021-03-27,DKI3 (Jagakarsa),51,73,30,11,56,19,73,PM25,SEDANG
2021-03-28,DKI3 (Jagakarsa),47,63,27,10,43,17,63,PM25,SEDANG
2021-03-29,DKI3 (Jagakarsa),51,19,26,14,48,21,51,PM10,SEDANG
2021-03-30,DKI3 (Jagakarsa),59,24,29,10,33,20,59,PM10,SEDANG
2021-03-31,DKI3 (Jagakarsa),56,22,12,18,32,25,56,PM10,SEDANG
2021-03-01,DKI4 (Lubang Buaya),56,96,40,13,19,9,96,PM25,SEDANG
2021-03-02,DKI4 (Lubang Buaya),46,81,39,17,29,14,81,PM25,SEDANG
2021-03-03,DKI4 (Lubang Buaya),52,---,41,19,31,14,52,PM10,SEDANG
2021-03-04,DKI4 (Lubang Buaya),62,103,40,19,33,11,103,PM25,TIDAK SEHAT
2021-03-05,DKI4 (Lubang Buaya),51,79,40,14,32,13,79,PM25,SEDANG
2021-03-06,DKI4 (Lubang Buaya),61,95,40,22,32,13,95,PM25,SEDANG
2021-03-07,DKI4 (Lubang Buaya),60,102,41,23,34,14,102,PM25,TIDAK SEHAT
2021-03-08,DKI4 (Lubang Buaya),58,81,40,16,19,6,81,PM25,SEDANG
2021-03-09,DKI4 (Lubang Buaya),24,55,41,10,18,8,55,PM25,SEDANG
2021-03-10,DKI4 (Lubang Buaya),56,89,40,21,21,12,89,PM25,SEDANG
2021-03-11,DKI4 (Lubang Buaya),28,53,39,9,25,9,53,PM25,SEDANG
2021-03-12,DKI4 (Lubang Buaya),53,83,41,19,22,13,83,PM25,SEDANG
2021-03-13,DKI4 (Lubang Buaya),37,69,41,10,20,9,69,PM25,SEDANG
2021-03-14,DKI4 (Lubang Buaya),40,68,41,16,14,9,68,PM25,SEDANG
2021-03-15,DKI4 (Lubang Buaya),37,77,42,14,24,12,77,PM25,SEDANG
2021-03-16,DKI4 (Lubang Buaya),57,101,46,13,37,18,101,PM25,TIDAK SEHAT
2021-03-17,DKI4 (Lubang Buaya),68,123,43,20,37,14,123,PM25,TIDAK SEHAT
2021-03-18,DKI4 (Lubang Buaya),68,125,45,16,37,22,125,PM25,TIDAK SEHAT
2021-03-19,DKI4 (Lubang Buaya),57,91,42,12,42,15,91,PM25,SEDANG
2021-03-20,DKI4 (Lubang Buaya),55,98,44,12,38,18,98,PM25,SEDANG
2021-03-21,DKI4 (Lubang Buaya),57,85,41,16,22,17,85,PM25,SEDANG
2021-03-22,DKI4 (Lubang Buaya),52,78,41,15,20,11,78,PM25,SEDANG
2021-03-23,DKI4 (Lubang Buaya),38,62,41,8,12,7,62,PM25,SEDANG
2021-03-24,DKI4 (Lubang Buaya),30,55,40,7,13,9,55,PM25,SEDANG
2021-03-25,DKI4 (Lubang Buaya),36,68,41,8,19,12,68,PM25,SEDANG
2021-03-26,DKI4 (Lubang Buaya),52,83,42,17,31,16,83,PM25,SEDANG
2021-03-27,DKI4 (Lubang Buaya),58,91,43,13,35,20,91,PM25,SEDANG
2021-03-28,DKI4 (Lubang Buaya),50,75,41,14,37,16,75,PM25,SEDANG
2021-03-29,DKI4 (Lubang Buaya),54,84,41,18,35,19,84,PM25,SEDANG
2021-03-30,DKI4 (Lubang Buaya),41,76,42,14,21,25,76,PM25,SEDANG
2021-03-31,DKI4 (Lubang Buaya),48,69,43,12,25,18,69,PM25,SEDANG
2021-03-01,DKI5 (Kebon Jeruk) Jakarta Barat,29,60,23,7,16,12,60,PM25,SEDANG
2021-03-02,DKI5 (Kebon Jeruk) Jakarta Barat,35,65,23,11,22,17,65,PM25,SEDANG
2021-03-03,DKI5 (Kebon Jeruk) Jakarta Barat,49,79,24,13,20,21,79,PM25,SEDANG
2021-03-04,DKI5 (Kebon Jeruk) Jakarta Barat,---,---,---,---,---,---,0,,TIDAK ADA DATA
2021-03-05,DKI5 (Kebon Jeruk) Jakarta Barat,43,75,26,14,20,28,75,PM25,SEDANG
2021-03-06,DKI5 (Kebon Jeruk) Jakarta Barat,53,88,25,25,16,42,88,PM25,SEDANG
2021-03-07,DKI5 (Kebon Jeruk) Jakarta Barat,59,103,30,18,22,26,103,PM25,TIDAK SEHAT
2021-03-08,DKI5 (Kebon Jeruk) Jakarta Barat,45,67,27,12,11,22,67,PM25,SEDANG
2021-03-09,DKI5 (Kebon Jeruk) Jakarta Barat,35,62,31,7,12,16,62,PM25,SEDANG
2021-03-10,DKI5 (Kebon Jeruk) Jakarta Barat,53,91,27,21,17,39,91,PM25,SEDANG
2021-03-11,DKI5 (Kebon Jeruk) Jakarta Barat,---,41,20,5,22,8,41,PM25,BAIK
2021-03-12,DKI5 (Kebon Jeruk) Jakarta Barat,---,70,32,10,20,17,70,PM25,SEDANG
2021-03-13,DKI5 (Kebon Jeruk) Jakarta Barat,35,62,33,6,19,10,62,PM25,SEDANG
2021-03-14,DKI5 (Kebon Jeruk) Jakarta Barat,44,72,27,11,13,21,72,PM25,SEDANG
2021-03-15,DKI5 (Kebon Jeruk) Jakarta Barat,55,92,34,17,18,33,92,PM25,SEDANG
2021-03-16,DKI5 (Kebon Jeruk) Jakarta Barat,54,87,40,11,28,18,87,PM25,SEDANG
2021-03-17,DKI5 (Kebon Jeruk) Jakarta Barat,65,117,31,17,28,32,117,PM25,TIDAK SEHAT
2021-03-18,DKI5 (Kebon Jeruk) Jakarta Barat,62,107,40,11,34,17,107,PM25,TIDAK SEHAT
2021-03-19,DKI5 (Kebon Jeruk) Jakarta Barat,58,96,35,10,33,16,96,PM25,SEDANG
2021-03-20,DKI5 (Kebon Jeruk) Jakarta Barat,56,89,32,9,22,17,89,PM25,SEDANG
2021-03-21,DKI5 (Kebon Jeruk) Jakarta Barat,37,62,24,6,17,9,62,PM25,SEDANG
2021-03-22,DKI5 (Kebon Jeruk) Jakarta Barat,38,67,23,7,14,10,67,PM25,SEDANG
2021-03-23,DKI5 (Kebon Jeruk) Jakarta Barat,35,59,25,6,11,14,59,PM25,SEDANG
2021-03-24,DKI5 (Kebon Jeruk) Jakarta Barat,26,52,21,4,13,6,52,PM25,SEDANG
2021-03-25,DKI5 (Kebon Jeruk) Jakarta Barat,23,53,23,4,21,5,53,PM25,SEDANG
2021-03-26,DKI5 (Kebon Jeruk) Jakarta Barat,48,79,24,10,23,19,79,PM25,SEDANG
2021-03-27,DKI5 (Kebon Jeruk) Jakarta Barat,51,83,38,12,24,23,83,PM25,SEDANG
2021-03-28,DKI5 (Kebon Jeruk) Jakarta Barat,50,78,22,12,34,19,78,PM25,SEDANG
2021-03-29,DKI5 (Kebon Jeruk) Jakarta Barat,54,91,21,17,29,26,91,PM25,SEDANG
2021-03-30,DKI5 (Kebon Jeruk) Jakarta Barat,44,72,35,8,18,18,72,PM25,SEDANG
2021-03-31,DKI5 (Kebon Jeruk) Jakarta Barat,40,62,25,7,16,15,62,PM25,SEDANG
2021-05-01,DKI1 (Bunderan HI),52,71,23,10,20,33,71,PM25,SEDANG
2021-05-02,DKI1 (Bunderan HI),50,67,22,9,18,17,67,PM25,SEDANG
2021-05-03,DKI1 (Bunderan HI),53,70,26,10,20,20,70,PM25,SEDANG
2021-05-04,DKI1 (Bunderan HI),59,77,31,14,14,26,77,PM25,SEDANG
2021-05-05,DKI1 (Bunderan HI),58,82,22,18,14,38,82,PM25,SEDANG
2021-05-06,DKI1 (Bunderan HI),49,65,19,16,18,38,65,PM25,SEDANG
2021-05-07,DKI1 (Bunderan HI),54,70,20,26,19,45,70,PM25,SEDANG
2021-05-08,DKI1 (Bunderan HI),52,69,20,12,19,28,69,PM25,SEDANG
2021-05-09,DKI1 (Bunderan HI),41,57,18,9,26,21,57,PM25,SEDANG
2021-05-10,DKI1 (Bunderan HI),47,69,19,10,25,21,69,PM25,SEDANG
2021-05-11,DKI1 (Bunderan HI),60,88,24,12,25,24,88,PM25,SEDANG
2021-05-12,DKI1 (Bunderan HI),59,79,21,10,25,21,79,PM25,SEDANG
2021-05-13,DKI1 (Bunderan HI),70,110,24,14,24,20,110,PM25,TIDAK SEHAT
2021-05-14,DKI1 (Bunderan HI),52,72,24,8,25,14,72,PM25,SEDANG
2021-05-15,DKI1 (Bunderan HI),51,67,26,11,20,19,67,PM25,SEDANG
2021-05-16,DKI1 (Bunderan HI),51,65,23,8,20,16,65,PM25,SEDANG
2021-05-17,DKI1 (Bunderan HI),47,65,22,11,24,24,65,PM25,SEDANG
2021-05-18,DKI1 (Bunderan HI),40,54,24,10,23,26,54,PM25,SEDANG
2021-05-19,DKI1 (Bunderan HI),52,69,23,17,19,36,69,PM25,SEDANG
2021-05-20,DKI1 (Bunderan HI),57,79,24,12,23,27,79,PM25,SEDANG
2021-05-21,DKI1 (Bunderan HI),52,76,24,15,22,34,76,PM25,SEDANG
2021-05-22,DKI1 (Bunderan HI),56,79,22,16,28,36,79,PM25,SEDANG
2021-05-23,DKI1 (Bunderan HI),60,91,24,21,27,37,91,PM25,SEDANG
2021-05-24,DKI1 (Bunderan HI),74,108,22,20,23,38,108,PM25,TIDAK SEHAT
2021-05-25,DKI1 (Bunderan HI),44,60,23,15,23,35,60,PM25,SEDANG
2021-05-26,DKI1 (Bunderan HI),56,77,27,11,21,24,77,PM25,SEDANG
2021-05-27,DKI1 (Bunderan HI),51,64,27,8,16,20,64,PM25,SEDANG
2021-05-28,DKI1 (Bunderan HI),54,70,29,12,16,24,70,PM25,SEDANG
2021-05-29,DKI1 (Bunderan HI),56,76,23,14,17,32,76,PM25,SEDANG
2021-05-30,DKI1 (Bunderan HI),47,61,24,16,18,29,61,PM25,SEDANG
2021-05-31,DKI1 (Bunderan HI),55,73,21,15,19,33,73,PM25,SEDANG
2021-05-01,DKI2 (Kelapa Gading),62,74,51,10,57,14,74,PM25,SEDANG
2021-05-02,DKI2 (Kelapa Gading),55,73,47,9,53,---,73,PM25,SEDANG
2021-05-03,DKI2 (Kelapa Gading),59,74,50,9,51,11,74,PM25,SEDANG
2021-05-04,DKI2 (Kelapa Gading),68,82,54,12,39,17,82,PM25,SEDANG
2021-05-05,DKI2 (Kelapa Gading),64,83,53,14,45,20,83,PM25,SEDANG
2021-05-06,DKI2 (Kelapa Gading),57,72,53,13,66,21,72,PM25,SEDANG
2021-05-07,DKI2 (Kelapa Gading),67,83,61,20,46,33,83,PM25,SEDANG
2021-05-08,DKI2 (Kelapa Gading),60,79,53,11,54,17,79,PM25,SEDANG
2021-05-09,DKI2 (Kelapa Gading),46,59,46,9,61,7,61,O3,SEDANG
2021-05-10,DKI2 (Kelapa Gading),55,73,51,10,58,8,73,PM25,SEDANG
2021-05-11,DKI2 (Kelapa Gading),69,87,50,11,57,12,87,PM25,SEDANG
2021-05-12,DKI2 (Kelapa Gading),67,87,52,10,63,8,87,PM25,SEDANG
2021-05-13,DKI2 (Kelapa Gading),81,112,49,13,48,9,112,PM25,TIDAK SEHAT
2021-05-14,DKI2 (Kelapa Gading),56,70,51,9,52,---,70,PM25,SEDANG
2021-05-15,DKI2 (Kelapa Gading),54,67,54,10,40,---,67,PM25,SEDANG
2021-05-16,DKI2 (Kelapa Gading),52,---,50,9,52,---,52,PM10,SEDANG
2021-05-17,DKI2 (Kelapa Gading),54,70,55,11,51,13,70,PM25,SEDANG
2021-05-18,DKI2 (Kelapa Gading),41,55,48,8,49,10,55,PM25,SEDANG
2021-05-19,DKI2 (Kelapa Gading),56,77,52,13,55,21,77,PM25,SEDANG
2021-05-20,DKI2 (Kelapa Gading),66,87,53,12,56,17,87,PM25,SEDANG
2021-05-21,DKI2 (Kelapa Gading),60,81,58,13,65,21,81,PM25,SEDANG
2021-05-22,DKI2 (Kelapa Gading),64,90,62,15,66,28,90,PM25,SEDANG
2021-05-23,DKI2 (Kelapa Gading),73,97,64,18,57,34,97,PM25,SEDANG
2021-05-24,DKI2 (Kelapa Gading),86,116,74,19,72,30,116,PM25,TIDAK SEHAT
2021-05-25,DKI2 (Kelapa Gading),56,64,52,12,66,19,66,O3,SEDANG
2021-05-26,DKI2 (Kelapa Gading),62,83,52,12,64,20,83,PM25,SEDANG
2021-05-27,DKI2 (Kelapa Gading),60,73,52,10,62,13,73,PM25,SEDANG
2021-05-28,DKI2 (Kelapa Gading),66,81,53,11,63,16,81,PM25,SEDANG
2021-05-29,DKI2 (Kelapa Gading),60,76,46,13,66,21,76,PM25,SEDANG
2021-05-30,DKI2 (Kelapa Gading),53,65,55,17,51,28,65,PM25,SEDANG
2021-05-31,DKI2 (Kelapa Gading),62,81,49,14,71,20,81,PM25,SEDANG
2021-05-01,DKI3 (Jagakarsa),66,102,13,15,---,20,102,PM25,TIDAK SEHAT
2021-05-02,DKI3 (Jagakarsa),55,77,13,13,---,17,77,PM25,SEDANG
2021-05-03,DKI3 (Jagakarsa),55,83,12,9,25,16,83,PM25,SEDANG
2021-05-04,DKI3 (Jagakarsa),65,108,13,18,---,19,108,PM25,TIDAK SEHAT
2021-05-05,DKI3 (Jagakarsa),61,102,23,13,35,20,102,PM25,TIDAK SEHAT
2021-05-06,DKI3 (Jagakarsa),39,66,20,9,60,15,66,PM25,SEDANG
2021-05-07,DKI3 (Jagakarsa),39,69,19,15,151,20,151,O3,TIDAK SEHAT
2021-05-08,DKI3 (Jagakarsa),50,76,20,8,71,15,76,PM25,SEDANG
2021-05-09,DKI3 (Jagakarsa),35,58,17,6,47,13,58,PM25,SEDANG
2021-05-10,DKI3 (Jagakarsa),46,76,22,8,66,13,76,PM25,SEDANG
2021-05-11,DKI3 (Jagakarsa),---,89,26,8,34,13,89,PM25,SEDANG
2021-05-12,DKI3 (Jagakarsa),---,96,21,10,29,15,96,PM25,SEDANG
2021-05-13,DKI3 (Jagakarsa),---,94,19,11,25,14,94,PM25,SEDANG
2021-05-14,DKI3 (Jagakarsa),---,77,18,6,26,10,77,PM25,SEDANG
2021-05-15,DKI3 (Jagakarsa),---,79,21,8,33,14,79,PM25,SEDANG
2021-05-16,DKI3 (Jagakarsa),---,68,18,7,29,10,68,PM25,SEDANG
2021-05-17,DKI3 (Jagakarsa),---,65,18,7,24,11,65,PM25,SEDANG
2021-05-18,DKI3 (Jagakarsa),---,58,43,6,25,4,58,PM25,SEDANG
2021-05-19,DKI3 (Jagakarsa),---,86,49,11,29,1,86,PM25,SEDANG
2021-05-20,DKI3 (Jagakarsa),---,81,37,7,29,11,81,PM25,SEDANG
2021-05-21,DKI3 (Jagakarsa),49,74,47,8,26,14,74,PM25,SEDANG
2021-05-22,DKI3 (Jagakarsa),53,73,45,10,25,15,73,PM25,SEDANG
2021-05-23,DKI3 (Jagakarsa),60,85,49,12,31,19,85,PM25,SEDANG
2021-05-24,DKI3 (Jagakarsa),76,112,45,13,---,17,112,PM25,TIDAK SEHAT
2021-05-25,DKI3 (Jagakarsa),51,60,45,7,27,13,60,PM25,SEDANG
2021-05-26,DKI3 (Jagakarsa),58,82,47,8,29,16,82,PM25,SEDANG
2021-05-27,DKI3 (Jagakarsa),51,68,51,5,23,11,68,PM25,SEDANG
2021-05-28,DKI3 (Jagakarsa),62,86,48,8,---,16,86,PM25,SEDANG
2021-05-29,DKI3 (Jagakarsa),58,23,45,8,19,16,58,PM10,SEDANG
2021-05-30,DKI3 (Jagakarsa),44,24,45,9,---,14,45,SO2,BAIK
2021-05-31,DKI3 (Jagakarsa),57,21,9,20,---,37,57,PM10,SEDANG
2021-05-01,DKI4 (Lubang Buaya),58,91,37,---,26,13,91,PM25,SEDANG
2021-05-02,DKI4 (Lubang Buaya),54,89,38,---,22,10,89,PM25,SEDANG
2021-05-03,DKI4 (Lubang Buaya),61,95,39,---,22,12,95,PM25,SEDANG
2021-05-04,DKI4 (Lubang Buaya),74,113,41,15,17,13,113,PM25,TIDAK SEHAT
2021-05-05,DKI4 (Lubang Buaya),73,117,38,20,21,21,117,PM25,TIDAK SEHAT
2021-05-06,DKI4 (Lubang Buaya),54,77,37,7,27,16,77,PM25,SEDANG
2021-05-07,DKI4 (Lubang Buaya),51,78,38,22,25,20,78,PM25,SEDANG
2021-05-08,DKI4 (Lubang Buaya),56,87,39,9,29,15,87,PM25,SEDANG
2021-05-09,DKI4 (Lubang Buaya),46,66,37,6,31,11,66,PM25,SEDANG
2021-05-10,DKI4 (Lubang Buaya),42,73,37,7,31,12,73,PM25,SEDANG
2021-05-11,DKI4 (Lubang Buaya),65,102,38,8,31,11,102,PM25,TIDAK SEHAT
2021-05-12,DKI4 (Lubang Buaya),67,105,37,9,27,11,105,PM25,TIDAK SEHAT
2021-05-13,DKI4 (Lubang Buaya),75,112,36,13,24,13,112,PM25,TIDAK SEHAT
2021-05-14,DKI4 (Lubang Buaya),51,76,38,3,27,8,76,PM25,SEDANG
2021-05-15,DKI4 (Lubang Buaya),62,89,38,---,16,13,89,PM25,SEDANG
2021-05-16,DKI4 (Lubang Buaya),54,92,37,---,25,15,92,PM25,SEDANG
2021-05-17,DKI4 (Lubang Buaya),49,74,37,4,28,17,74,PM25,SEDANG
2021-05-18,DKI4 (Lubang Buaya),39,57,36,---,32,18,57,PM25,SEDANG
2021-05-19,DKI4 (Lubang Buaya),61,99,39,10,25,23,99,PM25,SEDANG
2021-05-20,DKI4 (Lubang Buaya),60,103,36,9,29,19,103,PM25,TIDAK SEHAT
2021-05-21,DKI4 (Lubang Buaya),55,95,37,9,27,20,95,PM25,SEDANG
2021-05-22,DKI4 (Lubang Buaya),53,85,32,---,36,22,85,PM25,SEDANG
2021-05-23,DKI4 (Lubang Buaya),64,107,43,31,30,26,107,PM25,TIDAK SEHAT
2021-05-24,DKI4 (Lubang Buaya),72,118,57,26,33,24,118,PM25,TIDAK SEHAT
2021-05-25,DKI4 (Lubang Buaya),42,68,49,7,37,22,68,PM25,SEDANG
2021-05-26,DKI4 (Lubang Buaya),55,93,38,9,28,20,93,PM25,SEDANG
2021-05-27,DKI4 (Lubang Buaya),50,79,41,6,26,18,79,PM25,SEDANG
2021-05-28,DKI4 (Lubang Buaya),56,93,40,11,26,20,93,PM25,SEDANG
2021-05-29,DKI4 (Lubang Buaya),57,91,40,10,29,26,91,PM25,SEDANG
2021-05-30,DKI4 (Lubang Buaya),47,72,41,15,26,23,72,PM25,SEDANG
2021-05-31,DKI4 (Lubang Buaya),59,93,41,9,37,24,93,PM25,SEDANG
2021-05-01,DKI5 (Kebon Jeruk) Jakarta Barat,47,77,22,9,27,15,77,PM25,SEDANG
2021-05-02,DKI5 (Kebon Jeruk) Jakarta Barat,41,69,29,7,23,11,69,PM25,SEDANG
2021-05-03,DKI5 (Kebon Jeruk) Jakarta Barat,42,69,34,7,25,12,69,PM25,SEDANG
2021-05-04,DKI5 (Kebon Jeruk) Jakarta Barat,50,77,40,10,19,24,77,PM25,SEDANG
2021-05-05,DKI5 (Kebon Jeruk) Jakarta Barat,54,90,25,14,21,25,90,PM25,SEDANG
2021-05-06,DKI5 (Kebon Jeruk) Jakarta Barat,37,67,19,11,29,20,67,PM25,SEDANG
2021-05-07,DKI5 (Kebon Jeruk) Jakarta Barat,50,82,21,20,31,32,82,PM25,SEDANG
2021-05-08,DKI5 (Kebon Jeruk) Jakarta Barat,43,74,21,8,30,14,74,PM25,SEDANG
2021-05-09,DKI5 (Kebon Jeruk) Jakarta Barat,33,58,17,6,38,6,58,PM25,SEDANG
2021-05-10,DKI5 (Kebon Jeruk) Jakarta Barat,40,72,23,8,38,8,72,PM25,SEDANG
2021-05-11,DKI5 (Kebon Jeruk) Jakarta Barat,53,89,29,9,38,13,89,PM25,SEDANG
2021-05-12,DKI5 (Kebon Jeruk) Jakarta Barat,50,83,27,8,36,10,83,PM25,SEDANG
2021-05-13,DKI5 (Kebon Jeruk) Jakarta Barat,65,115,25,14,31,13,115,PM25,TIDAK SEHAT
2021-05-14,DKI5 (Kebon Jeruk) Jakarta Barat,51,81,25,7,32,6,81,PM25,SEDANG
2021-05-15,DKI5 (Kebon Jeruk) Jakarta Barat,51,81,24,10,25,13,81,PM25,SEDANG
2021-05-16,DKI5 (Kebon Jeruk) Jakarta Barat,39,69,23,8,28,8,69,PM25,SEDANG
2021-05-17,DKI5 (Kebon Jeruk) Jakarta Barat,45,75,22,10,29,13,75,PM25,SEDANG
2021-05-18,DKI5 (Kebon Jeruk) Jakarta Barat,30,56,24,7,39,12,56,PM25,SEDANG
2021-05-19,DKI5 (Kebon Jeruk) Jakarta Barat,51,82,22,15,26,24,82,PM25,SEDANG
2021-05-20,DKI5 (Kebon Jeruk) Jakarta Barat,51,87,26,8,28,16,87,PM25,SEDANG
2021-05-21,DKI5 (Kebon Jeruk) Jakarta Barat,50,84,25,13,26,24,84,PM25,SEDANG
2021-05-22,DKI5 (Kebon Jeruk) Jakarta Barat,52,90,21,14,30,21,90,PM25,SEDANG
2021-05-23,DKI5 (Kebon Jeruk) Jakarta Barat,63,109,24,23,27,40,109,PM25,TIDAK SEHAT
2021-05-24,DKI5 (Kebon Jeruk) Jakarta Barat,64,108,25,17,30,25,108,PM25,TIDAK SEHAT
2021-05-25,DKI5 (Kebon Jeruk) Jakarta Barat,44,70,24,9,30,22,70,PM25,SEDANG
2021-05-26,DKI5 (Kebon Jeruk) Jakarta Barat,48,79,34,7,24,17,79,PM25,SEDANG
2021-05-27,DKI5 (Kebon Jeruk) Jakarta Barat,34,61,32,5,20,11,61,PM25,SEDANG
2021-05-28,DKI5 (Kebon Jeruk) Jakarta Barat,49,77,37,8,20,19,77,PM25,SEDANG
2021-05-29,DKI5 (Kebon Jeruk) Jakarta Barat,54,88,37,11,19,29,88,PM25,SEDANG
2021-05-30,DKI5 (Kebon Jeruk) Jakarta Barat,46,66,24,15,18,29,66,PM25,SEDANG
2021-05-31,DKI5 (Kebon Jeruk) Jakarta Barat,52,82,21,11,27,18,82,PM25,SEDANG
